{
  "sanity1_pass": true,
  "sanity1_max_abs_diff_vs_sample_stdev": 0.0,
  "sanity1_max_abs_diff_vs_population_stdev": 0.00040908401081212516,
  "sanity1_note": "round83 stored SAMPLE stdev (ddof=1); read-integrity checked vs sample stdev",
  "sanity2_pass": true,
  "ruler": {
    "sigma_mean_pub": 0.0013,
    "sigma_mean_prv": 0.00126,
    "two_sigma_pub": 0.0026,
    "two_sigma_prv": 0.00252
  },
  "median_sigma_by_k": {
    "pub": {
      "1": 0.0017871961518501778,
      "2": 0.0011914641012334558,
      "3": 0.0009099957386208025,
      "4": 0.0007296197737164281,
      "5": 0.0005957320506167261
    },
    "prv": {
      "1": 0.002050140972037361,
      "2": 0.0013667606480249066,
      "3": 0.0010438806877435106,
      "4": 0.0008369665470441756,
      "5": 0.0006833803240124524
    }
  },
  "max_sigma_by_k": {
    "pub": {
      "1": 0.007400568390173261,
      "2": 0.004933712260115504,
      "3": 0.0037681849815184893,
      "4": 0.003021269393749135,
      "5": 0.002466856130057754
    },
    "prv": {
      "1": 0.007562667782878926,
      "2": 0.005041778521919292,
      "3": 0.003850721952316288,
      "4": 0.0030874461937064534,
      "5": 0.0025208892609596386
    }
  },
  "k10_extrap_median": {
    "pub": 0.0005651610465334711,
    "prv": 0.0006483114996069632
  },
  "crossings": {
    "pub_2sigma": 1,
    "pub_1sigma": 2,
    "prv_2sigma": 1,
    "prv_1sigma": 3
  }
}